repo,status,tier,exit_code,entry_point,event_count,duration_seconds
https://github.com/Khaledhamza77/TunedLLM,TIER2_SUCCESS,2,0,/tmp/repo/tunedLLM/graph.py,1,873
https://github.com/vedprakashnautiyal/MedAid,SUCCESS,1,0,/tmp/repo/agents/web_search_processor_agent/tavily_search.py,14,1293
https://github.com/DawoodTouseef/AI-Desktop-Automation-Assistant,PARTIAL_SUCCESS,1,1,/tmp/repo/core/agents/gmail_agent.py,23,721
https://github.com/kusumita-dasgupta/broken-langgraph-mcp,PARTIAL_SUCCESS,1,120,/tmp/repo/mcp_server.py,4,101
https://github.com/project-ryoma/ryoma,TIER2_SUCCESS,2,0,/tmp/repo/examples/example_iceberg.py,1,661
https://github.com/gianmarioiamoni/ai-decision-agent,PARTIAL_SUCCESS,1,1,/tmp/repo/scripts/test_graph.py,11,789
https://github.com/fanyty/langgraph_multi_agent_tutorial,PARTIAL_SUCCESS,1,1,/tmp/repo/run_tutorial.py,7,160
https://github.com/dubey-Ji/langgraph_learning,SUCCESS,1,0,/tmp/repo/exercise/01_exercise.py,7,114
https://github.com/datorrado/LangGraphInstrwithLlama,TIER2_SUCCESS,2,0,/tmp/repo/utils.py,1,667
https://github.com/matthewtull/LangChain_AgentEvals,PARTIAL_SUCCESS,1,1,/tmp/repo/scripts/generate_language_readmes.py,4,42
https://github.com/mmrc439/AI-Agentic-RAG-Chatbot,SUCCESS,1,0,/tmp/repo/src/pipelines/agentic.py,6,377
https://github.com/nalbarr/hello-crewai-graphs,SUCCESS,1,0,/tmp/repo/research_write_article.py,22,419
https://github.com/michael7736/dpa_gen,PARTIAL_SUCCESS,1,1,/tmp/repo/test_cognitive_api_simple.py,14,956
https://github.com/hector3echo-spec/BSL-Langgraph,PARTIAL_SUCCESS,1,1,/tmp/repo/test_runner.py,11,275
https://github.com/swarupd07/LangGraphProjects,SUCCESS,1,0,/tmp/repo/for_streamlit_web_app_P1_paper_summeriser.py,6,287
https://github.com/Rose-Bright/agentic_flow,PARTIAL_SUCCESS,1,1,/tmp/repo/test_startup.py,4,408
https://github.com/rosidotidev/SynDAI,PARTIAL_SUCCESS,1,1,/tmp/repo/main_sd_with_ref_data_crew.py,13,172
https://github.com/nguyenphucthinh20/Asachi,TIER2_SUCCESS,2,0,/tmp/repo/app/agents/orchestrator_agent/supervisor.py,1,272
https://github.com/anton-kovachev/langrgraph-advanced-ai-agent,PARTIAL_SUCCESS,1,1,/tmp/repo/main.py,5,152
https://github.com/iiiiiiiinseong/langgraph_rag_agent,TIER2_SUCCESS,2,0,/tmp/repo/src/evaluate_retrieval.py,1,627
https://github.com/Overton77/humanupgrade-app-ingestion_research,SUCCESS,1,0,/tmp/repo/main.py,11,445
https://github.com/sandeepgoriparthi/email-automation-agent,PARTIAL_SUCCESS,1,1,/tmp/repo/create_index.py,5,166
https://github.com/JeetInTech/Virtual-Therapist---LangGraph-Agentic-AI-System,SUCCESS,1,0,/tmp/repo/run.py,11,234
https://github.com/trunglap923/BE_MyHeath,PARTIAL_SUCCESS,1,1,/tmp/repo/evaluate/evaluate.py,5,401
https://github.com/branes-ai/embodied-ai-architect,SUCCESS,1,0,/tmp/repo/examples/demo_soc_optimizer.py,11,949
https://github.com/BirenMer/agentic-ai-learning,SUCCESS,1,0,/tmp/repo/multi-agent-architectures/supervisor-agent-with-agent-as-tools/invoke_supervisor_agent.py,22,573
https://github.com/extrawest/multi_agent_workflow_demo_in_langgraph,SUCCESS,1,0,/tmp/repo/scripts/multi_agent_collaboration.py,6,171
https://github.com/w1992wishes/Python-langgraph-demo,PARTIAL_SUCCESS,1,1,/tmp/repo/interrupt_demo/5_validate_human_input.py,12,429
https://github.com/evilgensec/_CodeView_,PARTIAL_SUCCESS,1,1,/tmp/repo/security_agent/supervisor.py,13,327
https://github.com/gitwalter/antigravity-agent-factory,PARTIAL_SUCCESS,1,1,/tmp/repo/scripts/debug/diagnose_structure.py,6,637
https://github.com/AleGallagher/AgenticWomanEuro2025,SUCCESS,1,0,/tmp/repo/src/agents/qualification_agent.py,4,117
https://github.com/scanady/forge-agent-builder,PARTIAL_SUCCESS,1,120,/tmp/repo/src/forge_requirements_builder/mcp_server.py,9,389
https://github.com/Lattixe/Cursor-Education,PARTIAL_SUCCESS,1,124,/tmp/repo/run_streamlit.py,7,665
https://github.com/shah-deep/FinBot,PARTIAL_SUCCESS,1,1,/tmp/repo/backend/agentsystem/utils.py,7,311
https://github.com/MBehtemam/packtpub-ai-gent-langgraph,PARTIAL_SUCCESS,1,1,/tmp/repo/finance_agent.py,22,218
https://github.com/leonavevor/agno-agent-os-with-ui,SUCCESS,1,0,/tmp/repo/test_huggingface_embeddings.py,16,1614
https://github.com/self-evolving-runtimes/revolve,SUCCESS,1,0,/tmp/repo/src/revolve/llm.py,9,234
https://github.com/chintan-diwakar/super-agent,PARTIAL_SUCCESS,1,1,/tmp/repo/graph/graph.py,5,126
https://github.com/dhruv-inov8/HAILEI_Crew,PARTIAL_SUCCESS,1,1,/tmp/repo/main.py,5,127
https://github.com/AI2Enginex/Lang-Graph,TIER2_SUCCESS,2,0,/tmp/repo/ExcelDataProcessing/hybrid_agent.py,1,430
https://github.com/ashharr/CrewAI-Implementation,SUCCESS,1,0,/tmp/repo/src/workflows/official/content_creation/content_creation_crew.py,22,361
https://github.com/und1n3/nabu-agent,PARTIAL_SUCCESS,1,1,/tmp/repo/src/nabu_agent/main.py,10,253
https://github.com/RashmiJK/langgraph-examples,TIER2_SUCCESS,2,0,/tmp/repo/src/graph_examples/review_product/production_team.py,1,521
https://github.com/ajmalik56/LangGraph-Based-Email-Automation,PARTIAL_SUCCESS,1,1,/tmp/repo/src/nodes.py,5,80
https://github.com/exi-0/Multi-AI-Agent-Systems-with-crewAI,SUCCESS,1,0,/tmp/repo/Project_Progress_Report.py,20,409
https://github.com/yswa-var/LocoForge,SUCCESS,1,0,/tmp/repo/test_langgraph_sql_handling.py,8,250
https://github.com/Grigorij-Dudnik/Clean-Coder-AI,PARTIAL_SUCCESS,1,1,/tmp/repo/src/agents/file_answerer.py,9,350
https://github.com/skygazer42/pokemon-chat,SUCCESS,1,0,/tmp/repo/src/agents/trainer_agent.py,16,882
https://github.com/yichuanwang/socialMediaHelper,SUCCESS,1,0,/tmp/repo/main.py,4,57
https://github.com/robertcprice/mindforge,CLONE_FAILED,0,1,,4,0
https://github.com/agentstack-ai/AgentStack,SUCCESS,1,0,/tmp/repo/examples/trip_planner/src/main.py,24,405
https://github.com/raylandmagalhaes/data_analyst_chatbot,PARTIAL_SUCCESS,1,1,/tmp/repo/agent_graph/graph.py,18,287
https://github.com/hitesh2204/LangGraph-Beginner-to-Advance,SUCCESS,1,0,/tmp/repo/conditional_workflow/example2.py,4,58
https://github.com/ThiruvarankanM/Mindbridge-AI,PARTIAL_SUCCESS,1,1,/tmp/repo/main.py,5,92
https://github.com/karolrojas07/DeepLearning.ai---Multi-AI-Agent-Systems-with-crewAI-course-exercises,PARTIAL_SUCCESS,1,1,/tmp/repo/src/tailor_job_applications/main.py,8,190
https://github.com/Amruth22/Multi-Agent-Code-Review-Pipeline-LangGraph,PARTIAL_SUCCESS,1,1,/tmp/repo/parallel_review_workflow.py,5,100
https://github.com/i-richardwang/QueryBot,SUCCESS,1,0,/tmp/repo/tools/config_validator.py,13,370
https://github.com/DPSN-org/deepsense,PARTIAL_SUCCESS,1,1,/tmp/repo/example/quick_start.py,5,224
https://github.com/RobotecAI/rai,PARTIAL_SUCCESS,1,1,/tmp/repo/examples/manipulation-demo-v1.py,11,293
https://github.com/zzzlip/langgraph-AI-interview-agent,PARTIAL_SUCCESS,1,1,/tmp/repo/code/resume_optimize.py,14,336
https://github.com/hrithikkoduri/WebRover,TIER2_SUCCESS,2,0,/tmp/repo/backend/app/task_agent.py,1,275
https://github.com/vincentsham/stock_ai_app,PARTIAL_SUCCESS,1,1,/tmp/repo/etl/utils.py,11,351
https://github.com/BakedChicken77/agent-platform,PARTIAL_SUCCESS,1,1,/tmp/repo/src/run_client.py,12,1047
https://github.com/gladkykhse/physics-llm-agents,PARTIAL_SUCCESS,1,1,/tmp/repo/src/agents/simple_planning_agent.py,8,195
https://github.com/radauradu/Cross-Framework-AI-Agent-Orchestration-System,SUCCESS,1,0,/tmp/repo/env_b_graph.py,5,664
https://github.com/kangZan/Ludos,PARTIAL_SUCCESS,1,1,/tmp/repo/src/main.py,8,133
https://github.com/ManeswarSahu11/CursorTalks,TIER2_SUCCESS,2,0,/tmp/repo/app/graph.py,1,284
https://github.com/harshit25github/langGraph,SUCCESS,1,0,/tmp/repo/1graph.py,10,153
https://github.com/edzai/abank-marketing-crew,PARTIAL_SUCCESS,1,1,/tmp/repo/src/abank_marketing_crew/main.py,9,197
https://github.com/WareOnGo/Warehouse-Agentic-Chatbot,SUCCESS,1,0,/tmp/repo/tools/location_tool.py,4,122
https://github.com/Amruth22/DesignMind_GenAI_LangGraph,PARTIAL_SUCCESS,1,1,/tmp/repo/workflow/hld_workflow.py,5,278
https://github.com/kapil3771/langchain-langgraph-journey,SUCCESS,1,0,/tmp/repo/day03_step_flow/step_flow.py,5,780
https://github.com/LiolluryZ/crewAI-Travel-Agent,SUCCESS,1,0,/tmp/repo/travel_ai/step4/main.py,21,1081
https://github.com/zorky/techno_watch_ia,PARTIAL_SUCCESS,1,1,/tmp/repo/app/main_agent.py,9,222
https://github.com/Surya-sourav/QLens,PARTIAL_SUCCESS,1,1,/tmp/repo/backend/init_db.py,5,260
https://github.com/vlordier/LL3M_auto,PARTIAL_SUCCESS,1,1,/tmp/repo/renders/glittery_bunny_20250903_154443/generated_bunny_code.py,12,391
https://github.com/samjosdev/Building-Autonomous-AI-Agents-with-LangGraph,SUCCESS,1,0,/tmp/repo/finance_agent.py,4,261
https://github.com/ashreim-UPL/RoboFinGraph-Agent,PARTIAL_SUCCESS,1,2,/tmp/repo/main.py,5,207
https://github.com/guico33/gaia-assessment-agent,TIER2_SUCCESS,2,0,/tmp/repo/app.py,1,799
https://github.com/sirajulhugh/AI-Powered-Course-Learning-Guide-Generator-with-CrewAI-master,TIER2_SUCCESS,2,0,/tmp/repo/main.py,1,760
https://github.com/rjmagalhaes/crewAI,PARTIAL_SUCCESS,1,1,/tmp/repo/src/crewai/cli/cli.py,10,398
https://github.com/Kobemilly/langgraph-react-agent,SUCCESS,1,0,/tmp/repo/src/react_agent/graph.py,12,349
https://github.com/abrookins/redis-sre-agent,TIER2_SUCCESS,2,0,/tmp/repo/redis_sre_agent/cli/main.py,1,278
https://github.com/zwchristie/llamaindex_rag,SUCCESS,1,0,/tmp/repo/scripts/test_discover_script.py,7,1282
https://github.com/Sodz99/multi-agent-reporting-framework,PARTIAL_SUCCESS,1,1,/tmp/repo/src/automated_reporting/cli.py,6,208
https://github.com/ljxpython/langgraph_teach,PARTIAL_SUCCESS,1,1,/tmp/repo/src/examples/main.py,17,698
https://github.com/shayne007/langGraph-demo,PARTIAL_SUCCESS,1,1,/tmp/repo/planning_like_manus/tools/read_local_financial_report.py,57,189
https://github.com/sparklerz/LangGraph-Multi-Agent-Orchestrator,SUCCESS,1,0,/tmp/repo/orchestrator/graph_agent.py,8,167
https://github.com/kaymen99/sales-outreach-automation-langgraph,PARTIAL_SUCCESS,1,1,/tmp/repo/main.py,10,306
https://github.com/mvcharcos/agentic-system-kafka,TIER2_SUCCESS,2,0,/tmp/repo/src/socib/llm/tools/memory_agent.py,1,650
https://github.com/MayankSingh-coder/react-agents,SUCCESS,1,0,/tmp/repo/database_demo.py,12,501
https://github.com/bear743/crewai-code-practice,PARTIAL_SUCCESS,1,1,/tmp/repo/Multi_AI_Agent_Systems_with_crewAI/01_research_write.py,8,197
https://github.com/Raghul-S-Coder/langgraph-agentic-joke-bot,PARTIAL_SUCCESS,1,1,/tmp/repo/main_v1.py,5,96
https://github.com/SwayamSat/Multi-Agent-Research-Assistant-Using-AutoGen,SUCCESS,1,0,/tmp/repo/graph/nodes.py,10,334
https://github.com/nehalvaghasiya/langgraph-agents,SUCCESS,1,0,/tmp/repo/examples/regex_search.py,7,742
https://github.com/KataDavidXD/Agent-Git-Comparison,PARTIAL_SUCCESS,1,1,/tmp/repo/src/llm_client.py,14,210
https://github.com/arshad98333/Open-Source-Contribution-Engine,SUCCESS,1,0,/tmp/repo/app.py,4,145
https://github.com/mojo8257/Langgraph,TIER2_SUCCESS,2,0,,1,214
https://github.com/bdschi1/multi-agent-investment-committee,SUCCESS,1,0,/tmp/repo/orchestrator/graph.py,14,442
https://github.com/jherraizsoler/LangGraph-LangChain-Agentic-Workflows,SUCCESS,1,0,/tmp/repo/Tema 5/memoria_simple_langgraph.py,4,149
https://github.com/Rupali2507/Health_Atlas,PARTIAL_SUCCESS,1,1,/tmp/repo/backend/test_suite.py,18,1028
https://github.com/semantic-systems/SIGSPATIAL2025-Georelating,PARTIAL_SUCCESS,1,1,/tmp/repo/modules/georelating.py,17,815
https://github.com/icey1287/langchain_study,PARTIAL_SUCCESS,1,1,/tmp/repo/study/01SmartTranslator.py,7,119
https://github.com/adrianwedd/personal-agentic-operating-system,PARTIAL_SUCCESS,1,1,/tmp/repo/src/minimal_agent.py,11,328
https://github.com/gajanan229/LangGraph-AI-Application-Agent-Gemini,SUCCESS,1,0,/tmp/repo/CV_Agent/core/agents.py,7,162
https://github.com/UiPath/uipath-langchain-python,PARTIAL_SUCCESS,1,1,/tmp/repo/samples/retrieval-chain/main.py,9,341
https://github.com/kaymen99/langgraph-email-automation,PARTIAL_SUCCESS,1,1,/tmp/repo/src/nodes.py,5,77
https://github.com/abhishekpan5/agentic-ai-essay-assessment-system-langgraph,PARTIAL_SUCCESS,1,1,/tmp/repo/main.py,6,199
https://github.com/dameerahmed/LangGraph-Zero-to-Hero,SUCCESS,1,0,/tmp/repo/03_Conditional_Workflows/01_calculator_workflow.py,8,497
https://github.com/Kognys/kognys-agents-python,SUCCESS,1,0,/tmp/repo/kognys/agents/summarizer.py,8,283
https://github.com/anoopk-0/learn-langGraph,SUCCESS,1,0,/tmp/repo/02-graph-patterns/sequential.py,6,641
https://github.com/jhwang0801/langgraph-practice,SUCCESS,1,0,/tmp/repo/src/practice/03_loop.py,4,119
https://github.com/dincho-kostadinov/crewai-agents,PARTIAL_SUCCESS,1,1,/tmp/repo/crew_yaml.py,8,127
https://github.com/JunDaTang/langgraph-demo,SUCCESS,1,0,/tmp/repo/sgg/chapter02-quick start/2.2简单示例.py,7,225
https://github.com/JoshuaC215/agent-service-toolkit,PARTIAL_SUCCESS,1,1,/tmp/repo/src/run_client.py,8,672
https://github.com/alikasif/agents,PARTIAL_SUCCESS,1,1,/tmp/repo/ai_blogger/crew_ai/main.py,11,354
https://github.com/jayshenn/hello-langgraph,PARTIAL_SUCCESS,1,1,/tmp/repo/Agents/04-Drafter.py,9,194
https://github.com/weiw3127/multiagent-mail,SUCCESS,1,0,/tmp/repo/app/agent/remote_text_agent.py,4,535
https://github.com/LePingu/agent-playground,TIER2_SUCCESS,2,0,/tmp/repo/main.py,1,1072
https://github.com/ASWATHIMV99/Multi-Agent-Code-Review-Pipeline-LangGraph-main,PARTIAL_SUCCESS,1,1,/tmp/repo/main.py,10,245
https://github.com/skygazer42/Weaver,SUCCESS,1,0,/tmp/repo/scripts/health_graph.py,24,881
https://github.com/Mira-dmh/CrewAI,PARTIAL_SUCCESS,1,2,/tmp/repo/single-agent/cli_runner.py,3,96
https://github.com/aturcati/obsistant,TIER2_SUCCESS,2,0,/tmp/repo/tests/test_cli_integration.py,1,801
https://github.com/liangdabiao/crewai_stock_analysis_system,PARTIAL_SUCCESS,1,124,/tmp/repo/main.py,6,515
https://github.com/wshobson/financial-chat,TIER2_SUCCESS,2,0,/tmp/repo/app/chains/agent.py,1,571
https://github.com/facuscholze/crewAI,SUCCESS,1,0,/tmp/repo/examples/test_calendar.py,9,372
https://github.com/rakpan/project-vyasa,PARTIAL_SUCCESS,1,1,/tmp/repo/src/orchestrator/workflow.py,12,1329
https://github.com/ymgong66966/langgraph-kafka-k8s,TIER2_SUCCESS,2,0,/tmp/repo/src/test_mcp_servers.py,1,665
https://github.com/raulvazquez7/medical-bot,TIER2_SUCCESS,2,0,/tmp/repo/evaluation/compare_citations.py,1,1102
https://github.com/HyunjunJeon/open-langgraph-platform,SUCCESS,1,0,/tmp/repo/graphs/react_agent/utils.py,9,318
https://github.com/micaelleos/SentinelAI,SUCCESS,1,0,/tmp/repo/src/agents/planner.py,4,185
https://github.com/saraonsala/Agents,PARTIAL_SUCCESS,1,,,0,0
https://github.com/Kernicterus/Langgraph_agents,PARTIAL_SUCCESS,1,1,/tmp/repo/src/agents/test_interrupt_agent.py,13,185
https://github.com/DJ-Manjaray/Agentic_RAG,PARTIAL_SUCCESS,1,1,/tmp/repo/chromaDB.py,16,761
https://github.com/Ahmad-Nayfeh/crewai-multi-phase-workshop,PARTIAL_SUCCESS,1,1,/tmp/repo/phases/phase0_hello_crew.py,19,143
https://github.com/karan6100/CrewIntel-Agentic-Market-Research-Bot,SUCCESS,1,0,/tmp/repo/app.py,6,279
https://github.com/uebelack/bug-bounty-hunting-ai,PARTIAL_SUCCESS,1,1,/tmp/repo/src/simple-agent.py,11,147
https://github.com/nerdzinha/agents,SUCCESS,1,0,/tmp/repo/examples/trip_planner/src/main.py,24,343
https://github.com/manojkp08/Orchi,TIER2_SUCCESS,2,0,/tmp/repo/orchestrator/app/main.py,1,122
https://github.com/baoqtrinh/LangGraphAgent,TIER2_SUCCESS,2,0,/tmp/repo/run_agent.py,1,240
https://github.com/Brave-peng/brief-agent,PARTIAL_SUCCESS,1,1,/tmp/repo/src/agents/report_workflow.py,12,915
https://github.com/Lum1104/MER-Factory,PARTIAL_SUCCESS,1,2,/tmp/repo/main.py,8,939
https://github.com/PedroMarkovicz/EDA_Agent_I2A2,PARTIAL_SUCCESS,1,1,/tmp/repo/src/graph/workflow.py,9,328
https://github.com/Kbediako/Ambient_Email_Agent,SUCCESS,1,0,/tmp/repo/scripts/run_real_outputs.py,13,629
https://github.com/surath1/langgraph,TIER2_SUCCESS,2,0,/tmp/repo/Langgraph_101/Google_Gemini_API/lcosmos_chat_basic.py,1,382
https://github.com/KirtiJha/langgraph-salesforce-code-agent,PARTIAL_SUCCESS,1,1,/tmp/repo/src/agents/alternate_followup_handler.py,15,594
https://github.com/langchain-ai/langgraph-demo,TIER2_SUCCESS,2,0,/tmp/repo/chains/rag_chain.py,1,2275
https://github.com/Annyfee/agent-craft,PARTIAL_SUCCESS,1,1,/tmp/repo/m04_langchain_basics/s05_practice.py,15,500
https://github.com/caoshouling/study-langchain,PARTIAL_SUCCESS,1,1,/tmp/repo/study/langgraph/rag/tools/naive_rag_tool.py,10,293
https://github.com/Rahul5977/Research-Buddy,SUCCESS,1,0,/tmp/repo/app/agents/summarizer.py,7,222
https://github.com/CrypticFate/LangGraph-Automation-Visualizer,PARTIAL_SUCCESS,1,1,/tmp/repo/main.py,5,115
https://github.com/LangConfig/langconfig,PARTIAL_SUCCESS,1,1,/tmp/repo/backend/core/context/content_blocks.py,7,386
https://github.com/PIRATE-E/ai-workflow-task-agent,PARTIAL_SUCCESS,1,1,/tmp/repo/examples/langchain_example/test.py,13,384
https://github.com/wangshiwen-ai-hku/art-agent,TIER2_SUCCESS,2,0,/tmp/repo/src/service/canvas_agent/agents/design_auto_loop.py,1,209
https://github.com/AnishMachamasi/Intelligent-Data-Service-using-Langgraph-and-Streamlit,TIER2_SUCCESS,2,0,/tmp/repo/src/run_client.py,1,583
https://github.com/jordanmaglalang/ai-teaching-assistant,PARTIAL_SUCCESS,1,1,/tmp/repo/backend/tools.py,5,323
https://github.com/MaiconKevyn/agent_llama3_txt2sql,SUCCESS,1,0,/tmp/repo/refactored_agent/llm.py,4,665
https://github.com/daishir0/AAIDC-Week5-Lesson-2b,PARTIAL_SUCCESS,1,1,/tmp/repo/joke_bot1.py,5,88
https://github.com/zamalali/DeepGit,PARTIAL_SUCCESS,1,1,/tmp/repo/app.py,5,469
https://github.com/vijaykumaringle/Agents-with-crewai,PARTIAL_SUCCESS,1,1,/tmp/repo/Cipher/run_crew.py,9,266
https://github.com/anhb1/sales-outreach-automation-langgraph,PARTIAL_SUCCESS,1,1,/tmp/repo/main.py,10,293
https://github.com/zoofighter/writer-editor-agent,PARTIAL_SUCCESS,1,1,/tmp/repo/main.py,8,279
https://github.com/readytensor/rt-agentic-ai-cert-week5,PARTIAL_SUCCESS,1,1,/tmp/repo/code/run_wk5_l2b_pyjokes_joke_bot.py,16,141
https://github.com/pietroperona/review-agent-langchain-backend,TIER2_SUCCESS,2,0,/tmp/repo/amazon_parallel_batch_workflow.py,1,313
https://github.com/msgfrom96/GAP-GenAI_Agents_Pod,TIER2_SUCCESS,2,0,/tmp/repo/main.py,1,665
https://github.com/vsrak22/langgraph-mastery,PARTIAL_SUCCESS,1,1,/tmp/repo/chapter_01_foundation/basic_workflow.py,6,213
https://github.com/donggri1/AI_AGENT,SUCCESS,1,0,/tmp/repo/my_first_flow.py,7,106
https://github.com/anjalibheemireddy/research_langgraph,PARTIAL_SUCCESS,1,1,/tmp/repo/agent.py,5,122
https://github.com/Mohamed-Sherif-El-Boraie/AI-Agents,PARTIAL_SUCCESS,1,1,/tmp/repo/src/labs/lab4/main.py,10,372
https://github.com/jfishbowl-01/crewAI-surprise-trip,TIER2_SUCCESS,2,0,/tmp/repo/trip_planner/main.py,1,608
https://github.com/PrabhuMane93/CrewAI_Agents,TIER2_SUCCESS,2,0,/tmp/repo/Email_draft_Usecase/main.py,1,253
https://github.com/Elsper01/data-science-agent,PARTIAL_SUCCESS,1,1,/tmp/repo/src/data_science_agent/test.py,8,200
https://github.com/hoannet/langgraph-ecommerce,SUCCESS,1,0,/tmp/repo/src/services/llm_wrapper.py,11,555
https://github.com/marohrdanz/zetagraph,SUCCESS,1,0,/tmp/repo/first_graph.py,4,181
https://github.com/nikhileshnarkhede/job-application-assistant,SUCCESS,1,0,/tmp/repo/pipeline/state.py,12,958
https://github.com/natcobbinah/Agentic_ai_systems_using_crewai,PARTIAL_SUCCESS,1,1,/tmp/repo/image_research_assistant_with_mcp/mcp_client.py,12,314
https://github.com/mk-tdev/langgraph-rut,PARTIAL_SUCCESS,1,1,/tmp/repo/src/advanced/conditional_routing.py,12,572
https://github.com/eastsea17/VirtualTechExperts_RAG_Ollama,PARTIAL_SUCCESS,1,1,/tmp/repo/src/layer3/report_generator.py,5,153
https://github.com/Shy2593666979/AgentChat,PARTIAL_SUCCESS,1,1,/tmp/repo/scripts/start.py,22,413
https://github.com/jonsoku-dev/crewai-practice,PARTIAL_SUCCESS,1,1,/tmp/repo/main.py,27,319
https://github.com/artaasd95/chat-bot-practice-langchain,PARTIAL_SUCCESS,1,1,/tmp/repo/run_tests.py,6,197
https://github.com/Varashree01/Agent-Orchestration-LangChain,PARTIAL_SUCCESS,1,1,/tmp/repo/Milestone1/basic_agent.py,7,133
https://github.com/Amith0707/Travel-Agent,TIER2_SUCCESS,2,0,/tmp/repo/app.py,1,343
https://github.com/sofianhw/langgraph-chat-agent,PARTIAL_SUCCESS,1,1,/tmp/repo/main.py,9,855
https://github.com/vangona/langchain-langgraph-chatbot,SUCCESS,1,0,/tmp/repo/streamlit_apps/streamlit_chat.py,5,318
https://github.com/HiTranh2504/Agentic-Financial-Information-system-using-Langgraph,SUCCESS,1,0,/tmp/repo/source/sql_agent_implementation.py,17,294
https://github.com/danielstewart77/hive_mind,PARTIAL_SUCCESS,1,120,/tmp/repo/mcp_server.py,4,114
https://github.com/piyushcodes07/Clinical-Multi-Agent-Diagnostic-System,SUCCESS,1,0,/tmp/repo/agents/web_search_processor_agent/tavily_search.py,14,808
https://github.com/gitbreakfast/CrewSurf,SUCCESS,1,0,/tmp/repo/crewsurf/start_team.py,10,162
https://github.com/LiaoWenjun99/synde-langgraph,SUCCESS,1,0,/tmp/repo/synde_graph/graph.py,8,293
https://github.com/merryiscat/secretary_gyuni,SUCCESS,1,0,/tmp/repo/Node.py,7,287
https://github.com/piyush8512/sales-agent,PARTIAL_SUCCESS,1,1,/tmp/repo/agents/followup_timing_agent.py,9,159
https://github.com/shubhamagr24/Research_Assistant_LangGraph,SUCCESS,1,0,/tmp/repo/main.py,14,392
https://github.com/ChowdhuryRajuMOLIT2025/shipment_qna_bot,SUCCESS,1,0,/tmp/repo/src/scripts/seed_data.py,10,380
https://github.com/nelisasebastian9248/crew_agentic_team,SUCCESS,1,0,/tmp/repo/main.py,7,179
https://github.com/SamoraDC/AgenticRealEstateSystem,TIER2_SUCCESS,2,0,/tmp/repo/main.py,1,754
https://github.com/keeeevinShen/Learning-Chatbot,TIER2_SUCCESS,2,0,,1,191
https://github.com/grzegorz-gomza/Langgraph_Agent,SUCCESS,1,0,/tmp/repo/agents/agents.py,14,972
https://github.com/retroryan/agriculture-agent,SUCCESS,1,0,/tmp/repo/03-tools-integration/tool_chaining_demo.py,20,401
https://github.com/justinseger015-ctrl/Agent-Factory,PARTIAL_SUCCESS,1,1,/tmp/repo/agent_factory/codegen/code_generator.py,9,368
https://github.com/imouiche/LLama3.2-fine-tuned-vs-NNs-LangGraph,SUCCESS,1,0,/tmp/repo/deal_agent_framework.py,39,893
https://github.com/fjacquet/epic_news,TIER2_SUCCESS,2,0,/tmp/repo/src/epic_news/main.py,1,1117
https://github.com/Devilfish281/langgraph_projects,TIER2_SUCCESS,2,0,/tmp/repo/src/langgraph_projects/level_7_1/demo_pg_checkpoint.py,1,386
https://github.com/Ashish265/crewai_projects,SUCCESS,1,0,/tmp/repo/src/surprise_trip/main.py,53,681
https://github.com/alazkiyai09/enterprise-ai-systems,SUCCESS,1,0,/tmp/repo/projects/agents/FraudTriage-Agent/scripts/test_fraud_tools.py,8,293
https://github.com/Haohao-end/Ctrip-Style-AI-Travel-Assistant,PARTIAL_SUCCESS,1,1,/tmp/repo/graph_chat/第一个流程图.py,11,217
https://github.com/sanatwalia896/Vidhijna,TIER2_SUCCESS,2,0,/tmp/repo/app.py,1,332
https://github.com/ujwalreddybattu04/RAG-Document-search-project,SUCCESS,1,0,/tmp/repo/src/node/nodes.py,12,232
https://github.com/MSFT-Innovation-Hub-India/LangGraph-Foundry-HostedAgent-TravelAgent,SUCCESS,1,0,/tmp/repo/test_local.py,17,316
https://github.com/Poppy-AxeLord/Langgraph-task-split,TIER2_SUCCESS,2,0,/tmp/repo/Test/checkpointTest.py,1,243
https://github.com/ashhadahsan/kerag,SUCCESS,1,0,/tmp/repo/benchmarking/complex_scenarios.py,10,368
https://github.com/victorduco/chat-manager,SUCCESS,1,0,/tmp/repo/chatbot/conversation_states/main.py,13,459
https://github.com/Soul-XuYang/PgoAgent,PARTIAL_SUCCESS,1,1,/tmp/repo/src/agent/model/llm.py,14,1195
https://github.com/sikares/ExxonMobil-Bootcathon-2024,PARTIAL_SUCCESS,1,1,/tmp/repo/Streamlit/reformat.py,6,101
https://github.com/lwyBZss8924d/DeepSearchAgents,SUCCESS,1,0,/tmp/repo/debug-archive/scripts/test_message_filtering.py,12,370
https://github.com/jtchilders/inference_service_test,PARTIAL_SUCCESS,1,1,/tmp/repo/test_sophia_integration.py,4,634
https://github.com/paulcaliguid/stock-picker-crewai,PARTIAL_SUCCESS,1,1,/tmp/repo/src/stock_picker/main.py,14,381
https://github.com/redis-applied-ai/redis-sre-agent,TIER2_SUCCESS,2,0,/tmp/repo/redis_sre_agent/cli/main.py,1,452
https://github.com/datatweets/langchain-mastery,SUCCESS,1,0,/tmp/repo/script_06.py,11,798
https://github.com/ai-deepak/ai_projects,SUCCESS,1,0,/tmp/repo/ai_agents/CrewAI/smart_grocery_manager_agent.py,6,110
https://github.com/floriangrousset/revolution,PARTIAL_SUCCESS,1,1,/tmp/repo/src/main.py,9,125
https://github.com/afthab-pa/AI-Booking-Agent-using-Langgraph,SUCCESS,1,0,/tmp/repo/main.py,8,276
https://github.com/leesy3797/web-agent,PARTIAL_SUCCESS,1,1,/tmp/repo/app.py,5,81
https://github.com/HelloThisIsFlo/learning-langchain-langgraph,TIER2_SUCCESS,2,0,/tmp/repo/src/ui/gradio_ui.py,1,429
https://github.com/caixr9527/lingxi-core,PARTIAL_SUCCESS,1,1,/tmp/repo/internal/service/faiss_service.py,18,968
https://github.com/diffen/langchain-hreflang,PARTIAL_SUCCESS,1,1,/tmp/repo/test_with_agents.py,8,133
https://github.com/Javier-Jimenez99/JokerNet,PARTIAL_SUCCESS,1,1,/tmp/repo/src/app.py,25,1549
https://github.com/Sherry141/manus-lite,SUCCESS,1,0,/tmp/repo/app.py,7,171
https://github.com/unicecilies/email-automation-with-ai,PARTIAL_SUCCESS,1,1,/tmp/repo/src/nodes.py,5,93
https://github.com/nahfrancis-cell/educational-ai-agent,TIER2_SUCCESS,2,0,/tmp/repo/app/simple_pdf_processor.py,1,314
https://github.com/mohdasif2294/portfolio-copilot,SUCCESS,1,0,/tmp/repo/src/data/ingestion.py,46,910
https://github.com/christophfroehlichh/AI-Agent,PARTIAL_SUCCESS,1,1,/tmp/repo/main.py,4,122
https://github.com/Achuth07/Agentic-Threat-Hunter,TIER2_SUCCESS,2,0,/tmp/repo/main.py,1,395
https://github.com/DhanushRamachandran/AI-powered-Booking-Chatbot,PARTIAL_SUCCESS,1,1,/tmp/repo/dummy_test/simple_langgraph_test----------------------.py,8,85
https://github.com/ShreCodes2809/shre-crewai-projects,PARTIAL_SUCCESS,1,1,/tmp/repo/stock_picker/src/stock_picker/main.py,17,931
https://github.com/xFoundry/orchestrator-langgraph,SUCCESS,1,0,/tmp/repo/app/tools/sanitize.py,11,584
https://github.com/existential-birds/amelia,TIER2_SUCCESS,2,0,/tmp/repo/amelia/main.py,1,242
https://github.com/JakePham23/An-AI-Agent-Based-System-for-Learning-Information-Support-for-Students,SUCCESS,1,0,/tmp/repo/AI_Agents/main.py,17,763
https://github.com/bodinggg/LangGraph-based-Novel-by-Agents,PARTIAL_SUCCESS,1,1,/tmp/repo/app.py,5,197
https://github.com/daishir0/AAIDC-Week5-Lesson-2c,PARTIAL_SUCCESS,1,1,/tmp/repo/writer_critic_bot.py,5,98
https://github.com/launchdarkly-labs/devrel-agents-tutorial,SUCCESS,1,0,/tmp/repo/tools_impl/dynamic_tool_factory.py,8,191
https://github.com/huygiatrng/AlpacaTradingAgent,SUCCESS,1,0,/tmp/repo/tradingagents/graph/signal_processing.py,19,946
https://github.com/flatala/langgraph-research,PARTIAL_SUCCESS,1,1,/tmp/repo/main.py,14,317
https://github.com/SwayamSat/A-Multi-Agent-Research-Assistant-Using-AutoGen,SUCCESS,1,0,/tmp/repo/graph/nodes.py,10,325
https://github.com/jgomezve/ai-net-tshoot,PARTIAL_SUCCESS,1,1,/tmp/repo/net_ai_bot.py,7,234
https://github.com/elena-kalinina/vinted_agent,PARTIAL_SUCCESS,1,1,/tmp/repo/vinted_search_agent.py,7,104
https://github.com/martymcenroe/AssemblyZero,SUCCESS,1,0,/tmp/repo/assemblyzero/nodes/lld_reviewer.py,7,261
https://github.com/YADIANNADETIANFA/langchain_Agent_learn,PARTIAL_SUCCESS,1,1,/tmp/repo/my_tmp_test/langgraph_agent.py,11,278
https://github.com/m-rafayali/crewai_agent-experiments,TIER2_SUCCESS,2,0,/tmp/repo/financial_researcher/src/financial_researcher/main.py,1,242
https://github.com/Janarthanan-Gnanamurthy/Datafy,SUCCESS,1,0,/tmp/repo/visualize_agent.py,9,149
https://github.com/basonpark/archon-ai-agent-builder,PARTIAL_SUCCESS,1,1,/tmp/repo/iterations/v3-mcp-support/setup_mcp.py,16,820
https://github.com/PedroOrtix/Pyciudad_Agents,TIER2_SUCCESS,2,0,/tmp/repo/examples/run_agente_intention.py,1,313
https://github.com/AugustynowiczL/MTGAgent,SUCCESS,1,0,/tmp/repo/agent/creatureAgent.py,4,176
https://github.com/vedant-kalal/AUTONOMOUS_PRODUCT_ASSISTANCE_AGENTIC_SYSTEM,PARTIAL_SUCCESS,1,1,/tmp/repo/cli_app.py,5,116
https://github.com/sse-orz/repo-agent,TIER2_SUCCESS,2,0,/tmp/repo/agents/sub_graph/utils.py,1,1135
https://github.com/gudakeshin/fs-reconciliation-agents,PARTIAL_SUCCESS,1,1,/tmp/repo/scripts/enhance_existing_exceptions.py,11,496
https://github.com/kavya6170/Agentic-AI-based-HR-Compliance,PARTIAL_SUCCESS,1,1,/tmp/repo/main.py,17,396
https://github.com/Saket8/ODAOS,SUCCESS,1,0,/tmp/repo/test_orchestrator.py,7,99
https://github.com/somenpatra-acn/agentic-regression-testing,PARTIAL_SUCCESS,1,1,/tmp/repo/main.py,10,333
https://github.com/Shamlan321/OdooSense_V2,PARTIAL_SUCCESS,1,1,/tmp/repo/odoo_autogen_reporting.py,11,772
https://github.com/papichoolo/crewai-agent-researcher,PARTIAL_SUCCESS,1,1,/tmp/repo/src/agent_researcher/main.py,10,278
https://github.com/mrenikareddy06/EventPlanGenie,PARTIAL_SUCCESS,1,1,/tmp/repo/coordinator/runner.py,7,330
https://github.com/kikomatchi/Lumiere,SUCCESS,1,0,/tmp/repo/app.py,5,782
https://github.com/ooeunoo/langgraph-tutorial,SUCCESS,1,0,/tmp/repo/src/23.langgraph-sql-agent.py,14,336
https://github.com/msilver22/agentic_mbd,TIER2_SUCCESS,2,0,/tmp/repo/streamlit/feed_builder.py,1,598
https://github.com/Ismaeelrx02/health-economic-modeling-hub,PARTIAL_SUCCESS,1,1,/tmp/repo/ai/graph.py,5,8152
https://github.com/paulo-b-vale/formflow-ai,SUCCESS,1,0,/tmp/repo/app/utils/langchain_utils.py,15,752
https://github.com/mohitrock850/Autonomous-Enterprise-Researcher,SUCCESS,1,0,/tmp/repo/app.py,7,548
https://github.com/SSSuperfriendly/LangGraph_Agent,TIER2_SUCCESS,2,0,/tmp/repo/ai_agent.py,1,283
https://github.com/NatalieCheong/Economic_Systems_LangGraph,TIER2_SUCCESS,2,0,/tmp/repo/economic_report_writer.py,1,660
https://github.com/capybara-brain346/post-automation,PARTIAL_SUCCESS,1,1,/tmp/repo/lib/workflow.py,9,299
https://github.com/j-broekhuizen/ecommerce,TIER2_SUCCESS,2,0,,1,174
https://github.com/gobokuku82/langgraph_study,SUCCESS,1,0,/tmp/repo/temp/conditional_edge.py,4,728
https://github.com/ManalAlyami7/Hajj,SUCCESS,1,0,/tmp/repo/core/graph.py,6,237
https://github.com/Vishaldonda/AI-Powered-Course-Learning-Guide-Generator-with-CrewAI,TIER2_SUCCESS,2,0,/tmp/repo/main.py,1,828
https://github.com/medbelhabes/langgraph-usecase,PARTIAL_SUCCESS,1,1,/tmp/repo/src/agent/graph_backup.py,8,108
https://github.com/taylnAydin/Project-Chimera,PARTIAL_SUCCESS,1,1,/tmp/repo/src/agents/router.py,5,67
https://github.com/shivapasunuri55/llm-intent-orchestration,SUCCESS,1,0,/tmp/repo/app/nodes/intent.py,7,217
https://github.com/mastermobsven/sales-automation,PARTIAL_SUCCESS,1,1,/tmp/repo/main.py,10,297
https://github.com/rangzen/osedea-workshop-langgraph-langfuse,PARTIAL_SUCCESS,1,1,/tmp/repo/steps/1-linear-workflow/main.py,12,271
https://github.com/jackysong2009/LangGraphExp,SUCCESS,1,0,/tmp/repo/charpter1/exp1-2.py,4,163
https://github.com/spirosrap/Building-Agents-Autonomous-Knowledge-Agent,SUCCESS,1,0,/tmp/repo/solution/utils.py,5,242
https://github.com/minopeef/LLM-Agent-Data-Analysis,SUCCESS,1,0,/tmp/repo/manage.py,9,287
https://github.com/ContextUnity/contextrouter,TIER2_SUCCESS,2,0,/tmp/repo/examples/custom_graph.py,1,379
https://github.com/VedantK1604/Research-Agent-Using-Langchain-Ecosystem,TIER2_SUCCESS,2,0,/tmp/repo/smart_research_assistant/langraph_temp.py,1,433
https://github.com/codemaker2015/test-case-generation-agent-advanced,SUCCESS,1,0,/tmp/repo/agent.py,8,311
https://github.com/kurtmb/agent-orchestration-benchmark,SUCCESS,1,0,/tmp/repo/scripts/analysis/final_validation_comparison.py,7,214
https://github.com/idm-code/basic_langgraph,PARTIAL_SUCCESS,1,1,/tmp/repo/03_langgraph_condicionales_branching.py,5,560
https://github.com/Yaser-123/finnews-ai,SUCCESS,1,0,/tmp/repo/demo/test_risk_monitor.py,16,468
https://github.com/mehuljain133/Open-Chat-BI,SUCCESS,1,0,/tmp/repo/openchatbi/llm/llm.py,31,661
https://github.com/nicolasbahindwa/Langchain-Agentic-RAG,SUCCESS,1,0,/tmp/repo/Playground/graph_exercises/graph_16.py,32,1206
https://github.com/karan3613/RAGScope,SUCCESS,1,0,/tmp/repo/Flows/BasicFlow.py,4,253
https://github.com/Ordinary0x/The-3rd-Eye,PARTIAL_SUCCESS,1,1,/tmp/repo/Search_Agent/search_agent.py,24,774
https://github.com/JeasonLi2024/Langchain_Agent,SUCCESS,1,0,/tmp/repo/tools/search_tools.py,6,327
https://github.com/Mar-Issah/langchain-agents,PARTIAL_SUCCESS,1,1,/tmp/repo/simple_chatbot.py,12,105
https://github.com/johanmed/gn-agent,PARTIAL_SUCCESS,1,1,/tmp/repo/src/gnagent/agent.py,8,744
https://github.com/a607ernie/langgraph-demo,PARTIAL_SUCCESS,1,1,/tmp/repo/src/0.simple_graph/run.py,13,404
https://github.com/Ravijot/LangChain_LangGraph,SUCCESS,1,0,/tmp/repo/13_tool.py,8,278
https://github.com/Vansh41104/LangGraph-CyberSecurity-Agent,TIER2_SUCCESS,2,0,/tmp/repo/agents/report_agent.py,1,377
https://github.com/mattyg3/langchain-prebuilts,PARTIAL_SUCCESS,1,1,/tmp/repo/src/langchain-prebuilts/example_creative_writer_team.py,5,331
https://github.com/hymanlew/langchain-all,PARTIAL_SUCCESS,1,1,/tmp/repo/base-chat-demo/fastapi-client.py,15,297
https://github.com/michaelalbada/BuildingApplicationsWithAIAgents,PARTIAL_SUCCESS,1,2,/tmp/repo/src/common/evaluation/ai_judge.py,4,141
https://github.com/F1xkex0z/investment_Agent_langgraph_crewai,PARTIAL_SUCCESS,1,2,/tmp/repo/crewai_system/src/main.py,12,677
https://github.com/ajay1773/comcom,SUCCESS,1,0,/tmp/repo/app/services/auth_middleware.py,18,221
https://github.com/pranayyb/Odysya,PARTIAL_SUCCESS,1,1,/tmp/repo/agents/event_agent.py,8,220
https://github.com/h2oai/h2ogpte_langgraph_demo,PARTIAL_SUCCESS,1,1,/tmp/repo/src/agent/graph.py,13,211
https://github.com/moyasserelkotp/-Egyptian-Tourism-AI-Assistant---Multi-Agent-System,SUCCESS,1,0,/tmp/repo/controllers/workflow_manager.py,4,402
https://github.com/skalaliya/CrewAI-Agentic-Email-Automation-,PARTIAL_SUCCESS,1,1,/tmp/repo/test_ollama.py,9,361
https://github.com/kelicblan/seerlord_ai,SUCCESS,1,0,/tmp/repo/scripts/test_system_skill.py,11,585
https://github.com/mohammadreza-mohammadi94/Agentic-AI-LLM-Apps,TIER2_SUCCESS,2,0,/tmp/repo/projects/assistants/ArxivHybridSearch/src/main.py,1,380
https://github.com/dmsmzz/Langgraph_Rpg_Game,PARTIAL_SUCCESS,1,124,/tmp/repo/main.py,4,393
https://github.com/uptonking/langchain-langgraph-play,PARTIAL_SUCCESS,1,1,/tmp/repo/langchain/chain_groq1_starter.py,11,260
https://github.com/mattycakes14/langchain-agent-backend,SUCCESS,1,0,/tmp/repo/src/services/get_LLM_response.py,4,205
https://github.com/kkkano/FinSight,PARTIAL_SUCCESS,1,1,/tmp/repo/archive/old_langchain_versions/langchain_agent_real.py,14,846
https://github.com/parthashirolkar/autonomous-agent,TIER2_SUCCESS,2,0,/tmp/repo/generate_graph.py,1,602
https://github.com/parasmahajan31/ClaimAdjudicationAgenticAI,SUCCESS,1,0,/tmp/repo/test_local.py,14,271
https://github.com/goabiaryan/nexus-workshop-code,PARTIAL_SUCCESS,1,1,/tmp/repo/examples/02_multi_agent.py,6,229
https://github.com/arunmittal21/rag_over_internet,PARTIAL_SUCCESS,1,1,/tmp/repo/app.py,8,167
https://github.com/shankasf/Deep-agent-LangChain,PARTIAL_SUCCESS,1,1,/tmp/repo/main.py,12,311
https://github.com/santosomar/AI-agents-for-cybersecurity,TIER2_SUCCESS,2,0,/tmp/repo/part3_prompt_chaining/parallel_chains_threat_hunting.py,1,1185
https://github.com/bhavyameghnani/LangGraph-AI-Agents-Code-Snippets-Use-cases,PARTIAL_SUCCESS,1,1,/tmp/repo/Use-cases/StoryGenerator/gemini-esg-story-agent-v1.py,8,860
https://github.com/shokrydev/piigent,SUCCESS,1,0,/tmp/repo/graph/privacy_flow.py,7,209
https://github.com/terrykim12/Rag_agent,PARTIAL_SUCCESS,1,1,/tmp/repo/scripts/test_smoke.py,11,858
https://github.com/takeruhukushima/MAGI_agent_2,PARTIAL_SUCCESS,1,1,/tmp/repo/my_agent/science_magi.py,14,309
https://github.com/HSH-85/langgraph-ai-agent,SUCCESS,1,0,/tmp/repo/main.py,12,165
https://github.com/sebuzdugan/langchain-course-2026,SUCCESS,1,0,/tmp/repo/day_01_brain/main.py,4,172
https://github.com/aimanyounises1/LangChainTutorial,PARTIAL_SUCCESS,1,1,/tmp/repo/langgraph_examples/deep_research_agent/deep_research_simplified.py,18,333
https://github.com/wanjiasu/langgraph_learning,PARTIAL_SUCCESS,1,1,/tmp/repo/Chapter1-4/first_agent.py,5,113
https://github.com/Krish3na/kaggle-multi-agent-system,PARTIAL_SUCCESS,1,1,/tmp/repo/main.py,5,311
https://github.com/os-clef/crewAI,PARTIAL_SUCCESS,1,1,/tmp/repo/src/crewai/cli/cli.py,10,371
https://github.com/ayushk1233/Multi-Agent-Debate-DAG,PARTIAL_SUCCESS,1,1,/tmp/repo/main.py,7,149
https://github.com/Rishikeswaran-17/automating_portfolio_allocation_with_mathematical_calculations_of_sukuk_using_crewai,PARTIAL_SUCCESS,1,1,/tmp/repo/src/automating_portfolio_allocation_with_mathematical_calculations/main.py,10,483
https://github.com/Divyansh487/TradingAgents-CN,PARTIAL_SUCCESS,1,1,/tmp/repo/examples/demo_deepseek_analysis.py,27,1128
https://github.com/JayDS22/ConstellationAI-Multi-Agentic-RAG,PARTIAL_SUCCESS,1,1,/tmp/repo/Multiagent_LangGraph_Rag.py,12,345
https://github.com/RamGitRepo/multi_agentic_system,SUCCESS,1,0,/tmp/repo/main.py,8,241
https://github.com/sacamb/rt-aaidc-project2,PARTIAL_SUCCESS,1,1,/tmp/repo/src/app.py,5,250
https://github.com/Rivier-Computer-Science/Adaptive-Learning,PARTIAL_SUCCESS,1,1,/tmp/repo/src/UI/console_knowledge_tracer.py,5,264
https://github.com/ParasharaRamesh/GAIA_HuggingFace_Agents_Course,SUCCESS,1,0,/tmp/repo/tools/interpreter_tools.py,9,1554
https://github.com/ygorlima-py/react_agent_langgraph,PARTIAL_SUCCESS,1,1,/tmp/repo/src/examples/ex006/main.py,8,109
https://github.com/AteetVatan/ai-global-signal-grid,PARTIAL_SUCCESS,1,1,/tmp/repo/poc_files/custom_gpt_google.py,42,1829
https://github.com/lraigosov/multi-agent,PARTIAL_SUCCESS,1,1,/tmp/repo/src/marketing_multiagent/main.py,9,268
https://github.com/sacross93/QVP,SUCCESS,1,0,/tmp/repo/analyze_ipo_viability.py,8,246
https://github.com/BrandPeng/Langgraph1.0,PARTIAL_SUCCESS,1,1,/tmp/repo/main.py,9,127
https://github.com/Mavis-X-Calibur-Quintana/agent_mcp,PARTIAL_SUCCESS,1,1,/tmp/repo/search/langgraph/langgraph_react.py,33,1586
https://github.com/teranlong/langgraph-agent-toolkit,PARTIAL_SUCCESS,1,1,/tmp/repo/src/run_client.py,8,622
https://github.com/salisai/Email_Agent,PARTIAL_SUCCESS,1,1,/tmp/repo/src/nodes.py,5,81
https://github.com/1517005260/stock-agent,SUCCESS,1,0,/tmp/repo/log_manager.py,10,271
https://github.com/spallya/agentic-ai-training,PARTIAL_SUCCESS,1,1,/tmp/repo/1_langchain/react_design_pattern_agent_with_buffer_memory.py,6,155
https://github.com/gaureshgururaj/crew_newsletter,PARTIAL_SUCCESS,1,1,/tmp/repo/src/assignment/main.py,22,1103
https://github.com/mjordanic/CV_editor,SUCCESS,1,0,/tmp/repo/agents/latex_fixer.py,7,210
https://github.com/liuyngchng/llm_agent,PARTIAL_SUCCESS,1,1,/tmp/repo/common/my_test1.py,35,1438
https://github.com/RareMoluculeFoundry/UH2025Agent,PARTIAL_SUCCESS,1,1,/tmp/repo/code/uh2025_graph/graph.py,7,1324
https://github.com/lacinboz/multiagent-portfolio-optimization,SUCCESS,1,0,/tmp/repo/portfolio_langgraph.py,7,174
https://github.com/soymustamahti/langgraph,PARTIAL_SUCCESS,1,1,/tmp/repo/lesson 5/message_state.py,5,92
https://github.com/jkmaina/LangGraphProjects,TIER2_SUCCESS,2,0,/tmp/repo/chapter16/lesson16f.py,1,372
https://github.com/pradeesh-ml/Agentic-AI-Arichitectures,PARTIAL_SUCCESS,1,1,/tmp/repo/PEV/pev.py,14,335
https://github.com/jab57/RegNetAgents,SUCCESS,1,0,/tmp/repo/scripts/build_gene_annotation_database.py,8,317
https://github.com/Alkamal01/AutoSale,TIER2_SUCCESS,2,0,/tmp/repo/slack-messaging/src/langgraph_slack/server.py,1,224
https://github.com/kushaliitm/Multi-Agentic-AI-System-for-Multimodal-Medical-Diagnosis,SUCCESS,1,0,/tmp/repo/Agents/web_search_processor_agent/tavily_search.py,14,1212
https://github.com/Leetcode-AI-Solution-Assistant/backend,SUCCESS,1,0,/tmp/repo/test.py,8,277
https://github.com/Rahul-lalwani-learner/OpenSource-Github-Multi-Agent-LangGraph-Researcher,SUCCESS,1,0,/tmp/repo/agents/entry_point_issue_agent.py,4,158
https://github.com/shiyeshu/Autopt,PARTIAL_SUCCESS,1,1,/tmp/repo/team/src/team/main.py,9,305
https://github.com/Yakvenalex/LangGraphExample,PARTIAL_SUCCESS,1,1,/tmp/repo/topic_1/llm_init_example.py,8,267
https://github.com/SShivamshan/Chatbot,TIER2_SUCCESS,2,0,/tmp/repo/src/run_agent.py,1,1047
https://github.com/ruslanmv/Best-of-the-Best,PARTIAL_SUCCESS,1,1,/tmp/repo/multiagent_system/crew.py,28,363
https://github.com/aquacommander/MultiAgent-Medical-Assistant,SUCCESS,1,0,/tmp/repo/agents/web_search_processor_agent/tavily_search.py,14,773
https://github.com/KHY90/CartPilot_backend,PARTIAL_SUCCESS,1,1,/tmp/repo/app/utils/graph_visualizer.py,9,174
https://github.com/AIhdproduction/multi-agent-system,PARTIAL_SUCCESS,1,1,/tmp/repo/my_agents/cli.py,10,302
https://github.com/stanelyg/CrewAI-,PARTIAL_SUCCESS,1,1,/tmp/repo/stock_picker/src/stock_picker/main.py,9,267
https://github.com/sucheer777/langgraph-debate-system,PARTIAL_SUCCESS,1,1,/tmp/repo/run_debate.py,7,631
https://github.com/David-Barnes-Data-Imaginations/persona-forge-langgraph,PARTIAL_SUCCESS,1,1,/tmp/repo/fixes/regenerate_single_qa.py,10,942
https://github.com/gracee3/langgraph-multi-agent-rag-local,SUCCESS,1,0,/tmp/repo/scripts/ingest.py,8,730
https://github.com/iamtekson/GeoAgent,TIER2_SUCCESS,2,0,/tmp/repo/tools/geoprocessing.py,1,319
https://github.com/aki-008/DevEcho,PARTIAL_SUCCESS,1,1,/tmp/repo/app/knowledge_base.py,9,257
https://github.com/ashhadahsan/review-score,PARTIAL_SUCCESS,1,1,/tmp/repo/reviewscore/langgraph_flows.py,5,187
https://github.com/itimirichard/my-llm-agents,PARTIAL_SUCCESS,1,1,/tmp/repo/langgraph_agents/dev_sidekick/sidekick.py,12,300
https://github.com/cjw94103/LangGraph_RAG_Series,TIER2_SUCCESS,2,0,/tmp/repo/pages/11_WritingPath.py,1,463
https://github.com/gko27/crewAI,PARTIAL_SUCCESS,1,1,/tmp/repo/src/crewai/cli/cli.py,10,197
https://github.com/R-yunhui/agent,SUCCESS,1,0,/tmp/repo/langgraph_basic/09_video_workflow.py,4,127
https://github.com/dssaenzml/ai-agent-platform,PARTIAL_SUCCESS,1,1,/tmp/repo/app/tools/agent-procurement/send_email_tool.py,14,720
https://github.com/Tanishpd/Hospital-AI-Scheduling-System,PARTIAL_SUCCESS,1,1,/tmp/repo/src/free_langgraph_agent.py,5,146
https://github.com/richardr1126/k8s-agents-service,PARTIAL_SUCCESS,1,1,/tmp/repo/src/run_client.py,8,653
https://github.com/playcsgo/agent_test_1,SUCCESS,1,0,/tmp/repo/4/lab3_with_comment.py,13,456
https://github.com/Rajitulsi/genai-pro-agentic-systems-v2,SUCCESS,1,0,/tmp/repo/agents/renewal_agent.py,8,279
https://github.com/gongzhzh/wicked-demo,SUCCESS,1,0,/tmp/repo/testing_assistant.py,13,350
https://github.com/nazmus-ashrafi/multiagent_vs_debugger,TIER2_SUCCESS,2,0,/tmp/repo/main.py,1,746
https://github.com/jaygoode/dev_sec_ops_selfhealing_agent,SUCCESS,1,0,/tmp/repo/main.py,7,182
https://github.com/lekhrajdinkar/AI-Engineer,SUCCESS,1,0,/tmp/repo/main.py,8,246
https://github.com/ssrikantan/langgraph-multi-agent-travel-sample,SUCCESS,1,0,/tmp/repo/test_local.py,17,519
https://github.com/kabirmoghe/DreamPath,TIER2_SUCCESS,2,0,/tmp/repo/backend/run_client.py,1,777
https://github.com/hjongc/resume-agents,PARTIAL_SUCCESS,1,1,/tmp/repo/resumeagents/utils/convert_resume.py,9,397
https://github.com/hirah-ma/auto-workflow-ai,PARTIAL_SUCCESS,1,1,/tmp/repo/src/gmail_crew_ai/main.py,10,375
https://github.com/SamoraDC/FinancialAuditAgenticSystem,PARTIAL_SUCCESS,1,124,/tmp/repo/scripts/dependency_monitor.py,14,2297
https://github.com/JhonSanz/langgraph_tutorial,PARTIAL_SUCCESS,1,1,/tmp/repo/freecodecamp/agents/04_drafter.py,15,640
https://github.com/linfieldlabs/Agentic_AI,PARTIAL_SUCCESS,1,1,/tmp/repo/Part1_Examples/langchain_examples/01_basic_chain.py,5,103
https://github.com/Tushar120799/Building-Autonomous-AI-Agents-with-LangGraph,SUCCESS,1,0,/tmp/repo/finance_agent.py,4,246
https://github.com/Saad096/langgraph_data_analytics_multi_agents_app,SUCCESS,1,0,/tmp/repo/test_memory.py,14,237
https://github.com/nileshsarkarRA/AgenticRAG-Chatbot-with-LangGraph,SUCCESS,1,0,/tmp/repo/AgenticRAG_using_LangGraph.py,4,190
https://github.com/mschwaerz/Agentic_HR_Tool,PARTIAL_SUCCESS,1,1,/tmp/repo/agentic_evaluator.py,5,106
https://github.com/stefano-chen/Advanced_Agentic_RAG,SUCCESS,1,0,/tmp/repo/nodes/answer.py,5,477
https://github.com/lenjoseph/langgraph_equity_research,SUCCESS,1,0,/tmp/repo/agents/shared/agent_utils.py,10,565
https://github.com/Vsathe99/Marketing_Agent,PARTIAL_SUCCESS,1,1,/tmp/repo/marketingCrew/crew.py,8,147
https://github.com/Vinamra-21/AgenticAI,SUCCESS,1,0,/tmp/repo/Projects/Sidekick/sidekick_tools.py,13,336
https://github.com/AmirHashmi017/Generative-And-Agentic-AI,PARTIAL_SUCCESS,1,1,/tmp/repo/LangSmith/5. essay_eveluation_agent_langgraph.py,7,892
https://github.com/Mickmacha/Adaptive_learning_agents,PARTIAL_SUCCESS,1,1,/tmp/repo/app/agents/student_agent.py,11,291
https://github.com/pingcy/agent-hitl,PARTIAL_SUCCESS,1,1,/tmp/repo/main_simple.py,8,194
https://github.com/RobotChen21/digital-matchmaker-recommand,SUCCESS,1,0,/tmp/repo/app/services/ai/agents/profile_manager.py,5,743
https://github.com/Intelligent-Browser-Agents/Intelligent-Browser-Agents,SUCCESS,1,0,/tmp/repo/backend/Prototype/prompt_loader.py,19,591
https://github.com/Spador/CrewAI_Projects,PARTIAL_SUCCESS,1,1,/tmp/repo/financial_researcher/src/financial_researcher/main.py,31,423
https://github.com/wufei-png/AskAny,PARTIAL_SUCCESS,1,1,/tmp/repo/askany/workflow/rewriteRetrive_langchain.py,11,370
https://github.com/bibekgupta3333/finsight-ai,SUCCESS,1,0,/tmp/repo/backend/scripts/test_langgraph_local.py,5,739
https://github.com/logan-robbins/quadracode,PARTIAL_SUCCESS,1,1,/tmp/repo/verify_orchestrator.py,27,315
https://github.com/kamalsrini/clawdid-identity-moltbook,PARTIAL_SUCCESS,1,1,/tmp/repo/moltid.py,5,71
https://github.com/tlweave2/AI-Job-Application-Agent-,SUCCESS,1,0,/tmp/repo/job-agent/scripts/run_agent.py,7,207
https://github.com/ArcInstitute/SRAgent,SUCCESS,1,0,/tmp/repo/SRAgent/tools/esummary.py,8,259
https://github.com/cuistobal/Blendin,PARTIAL_SUCCESS,1,1,/tmp/repo/backend/main.py,9,126
https://github.com/harshv2013/AgenticAI-LangGraph-Azure,PARTIAL_SUCCESS,1,1,/tmp/repo/main.py,5,159
https://github.com/omkar-ukirde/RedStrike.AI,PARTIAL_SUCCESS,1,1,/tmp/repo/app/agents/orchestrator.py,10,267
https://github.com/JoshPola96/ai-assistant-hub-langgraph,PARTIAL_SUCCESS,1,1,/tmp/repo/tools/translation_tools.py,5,190
https://github.com/brisacoder/agent_interop,PARTIAL_SUCCESS,1,1,/tmp/repo/client/llama_rg.py,7,161
https://github.com/Kavirubc/REALM-Bench-PLUS,SUCCESS,1,0,/tmp/repo/evaluation/compensation_comparison_test.py,4,180
https://github.com/anice-pony-horse/Swe-Agents,PARTIAL_SUCCESS,1,1,/tmp/repo/agent/tools/codemap.py,11,127
https://github.com/Emarhnuel/Property_gemini,PARTIAL_SUCCESS,1,1,/tmp/repo/src/real_ai_agents/main.py,27,1069
https://github.com/tomaspfd/data_analysis_assistant,SUCCESS,1,0,/tmp/repo/NOVA/streamlit/CSVBot.py,11,414
https://github.com/pandurangpatil/agentic-workflow,PARTIAL_SUCCESS,1,1,/tmp/repo/src/examples/05_capstone_assessment/main.py,11,486
https://github.com/lennonkc/langgraph_ai_db,SUCCESS,1,0,/tmp/repo/monitoring/langsmith_integration.py,12,671
https://github.com/neul-labs/fast-langgraph,SUCCESS,1,0,/tmp/repo/test_integration.py,9,1180
https://github.com/hereandnowai/master-langgraph-workflows-in-python-20-real-world-agent-projects-by-hereandnow-ai,PARTIAL_SUCCESS,1,1,/tmp/repo/project-22-blog-writing-and-publishing-agent/app.py,30,1515
https://github.com/CURENT/pv-curve-llm,SUCCESS,1,0,/tmp/repo/main.py,4,708
https://github.com/MattGLut/Chunky_Jarvis,PARTIAL_SUCCESS,1,1,/tmp/repo/base_script.py,5,349
https://github.com/teddy960370/Webvoyager-with-LangGraph,PARTIAL_SUCCESS,1,1,/tmp/repo/AutoManual/autoManual.py,8,89
https://github.com/kevinten-ai/ai-agent-langgraph,SUCCESS,1,0,/tmp/repo/examples/basic_agent/simple_chatbot.py,7,165
https://github.com/arunkonda-ai/bmad-auto,SUCCESS,1,0,/tmp/repo/database/populate_test_data.py,4,134
https://github.com/saravmani/langgraphtryv1,PARTIAL_SUCCESS,1,1,/tmp/repo/POC_ClaudDesktop.py,10,805
https://github.com/sakthi-v/risk-assessment-system,SUCCESS,1,0,/tmp/repo/phase2_risk_resolver/agents/agent_4_decision.py,4,144
https://github.com/feiyu1104/MathPal_houren,PARTIAL_SUCCESS,1,1,/tmp/repo/graph.py,5,67
https://github.com/garethhallberg/crewaiwithmeandclaude,PARTIAL_SUCCESS,1,1,/tmp/repo/002_planning_stage_2.py,43,297
https://github.com/thanhauco/ai-agent-playbook,PARTIAL_SUCCESS,1,1,/tmp/repo/autogen/group_chat.py,5,406
https://github.com/KernelAcademy-AICamp/ai-camp-4nd-llm-agent-service-project-4th_content_1team,TIER2_SUCCESS,2,0,/tmp/repo/BE/src/topic_rec/graph.py,1,600
https://github.com/truera/trulens,TIER2_SUCCESS,2,0,/tmp/repo/examples/experimental/end2end_apps/streamlit_app/app.py,1,629
https://github.com/cwijayasundara/multi_agentic_patterns_langchain,PARTIAL_SUCCESS,1,1,/tmp/repo/examples/deep_agents_research_assistant.py,11,306
https://github.com/liangdabiao/investment_Agent_langgraph_crewai,PARTIAL_SUCCESS,1,2,/tmp/repo/crewai_system/src/main.py,12,640
https://github.com/ThomasWimprine/LangChangeWorkflows,SUCCESS,1,0,/tmp/repo/workflows/lang_graph_workflow.py,11,421
https://github.com/ken-hori-2/langgraph-agentic-system-hub,PARTIAL_SUCCESS,1,1,/tmp/repo/src/uv-agent-api/uv_api_agent.py,5,185
https://github.com/Olga-Zydziak/Hegemon,PARTIAL_SUCCESS,1,1,/tmp/repo/main.py,8,446
https://github.com/alokhcst/jdresumewritercrewai,SUCCESS,1,0,/tmp/repo/src/jdresumewritercrewai/main.py,9,318
https://github.com/ishaanparikh14/Multi-Agent-AI-KYC-System,PARTIAL_SUCCESS,1,1,/tmp/repo/test_web.py,6,158
https://github.com/nwalker85/agentfoundry,SUCCESS,1,0,/tmp/repo/scripts/setup/create_frontend.py,6,496
https://github.com/abhihyder/langgraph-multi-agent-system,SUCCESS,1,0,/tmp/repo/scripts/test_llm_config.py,6,671
https://github.com/parameterlab/MASEval,PARTIAL_SUCCESS,1,1,/tmp/repo/examples/five_a_day_benchmark/five_a_day_benchmark.py,18,459
https://github.com/rozy0311/viralops-engine,SUCCESS,1,0,/tmp/repo/graph.py,21,469
https://github.com/tdiprima/langchain-lab,SUCCESS,1,0,/tmp/repo/LangGraph/calculator.py,14,160
https://github.com/Appsmithery/code-chef,PARTIAL_SUCCESS,1,1,/tmp/repo/shared/lib/validate_config.py,6,312
https://github.com/RACPSC2025/Professional-AI-Agent-Developer-Course-v1.0,PARTIAL_SUCCESS,1,1,/tmp/repo/module8/06_mcp_deep_research.py,14,811
https://github.com/ghostfrog-ltd/langgraph-ebay,SUCCESS,1,0,/tmp/repo/pipelines/listing/comps/graph.py,4,142
https://github.com/Lanerra/saga,SUCCESS,1,0,/tmp/repo/core/langgraph/state.py,8,341
https://github.com/SarbariRoy/agentic-ai,PARTIAL_SUCCESS,1,1,/tmp/repo/retail_pricing_bot/iteration_1.py,5,652
https://github.com/souvikmajumder26/Multi-Agent-Medical-Assistant,SUCCESS,1,0,/tmp/repo/agents/web_search_processor_agent/tavily_search.py,14,759
https://github.com/spchung/skincare_gpt,PARTIAL_SUCCESS,1,1,/tmp/repo/dataV2/1_sql/migrate_data.py,10,328
https://github.com/haoxinC111/langChain-langGraph-learning,SUCCESS,1,0,/tmp/repo/02-langchain-core/02_prompts.py,4,138
https://github.com/2003HARSH/Agenix,SUCCESS,1,0,/tmp/repo/agents/enhancer.py,10,165
https://github.com/yashvini-chirri/EvalMate-AI-Evaluation,SUCCESS,1,0,/tmp/repo/database/init_db.py,9,203
https://github.com/droliasakshi12/LANGGRAPH-STUDYMATERIAL-AI-GENERATED,PARTIAL_SUCCESS,1,1,/tmp/repo/pages/seo_keywords.py,5,144
https://github.com/JohnnysGithubAccount/Smart-Home-Virtual-Assistant,TIER2_SUCCESS,2,0,/tmp/repo/Home Assistant/components/longterm_memory.py,1,427
https://github.com/Camusama/langgraph-demo,PARTIAL_SUCCESS,1,1,/tmp/repo/langgraph/practice/case01_basic_chat.py,8,185
https://github.com/rodg-drmz/drmz_agents,SUCCESS,1,0,/tmp/repo/src/drmz/main.py,11,484
https://github.com/nani8732/Agent_orchaestration_framework_with_LangChain,SUCCESS,1,0,/tmp/repo/app.py,4,195
https://github.com/anpise/ResearchAssistant,PARTIAL_SUCCESS,1,1,/tmp/repo/app.py,11,262
https://github.com/BrandPeng/Langchain1.0-Langgraph1.0-Learning,PARTIAL_SUCCESS,1,1,/tmp/repo/phase1_fundamentals/03_messages/test.py,5,689
https://github.com/Sonlux/K8S-Anomaly-Detection-and-Remediation,PARTIAL_SUCCESS,1,1,/tmp/repo/k8s/test_nvidia_key.py,12,405
https://github.com/Ismaeelrx/health-economic-modeling-hub,PARTIAL_SUCCESS,1,1,/tmp/repo/ai/graph.py,5,57
https://github.com/Kaushik-Shahare/LangGraph_Basics,TIER2_SUCCESS,2,0,/tmp/repo/8_RAG_agent/2_classification_driven_agent.py,1,494
https://github.com/xyadam/retail-company-langgraph,PARTIAL_SUCCESS,1,1,/tmp/repo/src/main.py,9,309
https://github.com/aisemanticexpert/crewAI-rajesh,PARTIAL_SUCCESS,1,1,/tmp/repo/src/crewai/cli/cli.py,10,375
https://github.com/ishween/personalized-trip-planning-crewai,PARTIAL_SUCCESS,1,1,/tmp/repo/mainfile.py,5,169
https://github.com/amoghd24/crewai,PARTIAL_SUCCESS,1,1,/tmp/repo/customer_outreach/main.py,9,352
https://github.com/somil-18/LangGraph,PARTIAL_SUCCESS,1,1,/tmp/repo/2_parallel_workflows/1_simple_cricket_workflow.py,5,60
https://github.com/suryanshp1/agenticai-langgraph-chatbot,PARTIAL_SUCCESS,1,1,/tmp/repo/app.py,5,174
https://github.com/agentuity/agent-hedgefund,SUCCESS,1,0,/tmp/repo/main.py,7,193
https://github.com/aether-raid/AERO,PARTIAL_SUCCESS,1,1,/tmp/repo/test_files/test_experiment_designer.py,12,904
https://github.com/akshargrover/calmbot_langgraph,SUCCESS,1,0,/tmp/repo/tools/emotion_detector.py,6,814
https://github.com/ourahma/Academic_research_Agent,SUCCESS,1,0,/tmp/repo/src/services/task_processing.py,11,177
https://github.com/kryvokhyzha/langgraph-agent-toolkit,PARTIAL_SUCCESS,1,1,/tmp/repo/scripts/python/099-t.py,12,541
https://github.com/sin09135/LangGraph-Fashion-Recommendation-ChatBot,SUCCESS,1,0,/tmp/repo/utils/extractors.py,4,582
https://github.com/Ismail-2001/Code-Review-and-Debugging-Agent,SUCCESS,1,0,/tmp/repo/main.py,7,106
https://github.com/marcosace/gpt-researcher-1,PARTIAL_SUCCESS,1,,,0,0
https://github.com/sarinjet1008/agentic-supplychain-system,SUCCESS,1,0,/tmp/repo/protocols/a2a/router.py,4,64
https://github.com/abdullah1904/LangGraph-Practice,SUCCESS,1,0,/tmp/repo/7-UI_Chatbot/Frontend.py,4,155
https://github.com/indra-code/Travel-Planning-Agent,PARTIAL_SUCCESS,1,1,/tmp/repo/main.py,5,150
https://github.com/Ivan001223/AgFrame,SUCCESS,1,0,/tmp/repo/app/agents/node_factory.py,10,2200
https://github.com/trentleslie/agent-workshop,PARTIAL_SUCCESS,1,1,/tmp/repo/examples/simple_validator/validator.py,12,287
https://github.com/khulnasoft/awesome-llm-ai-agents,PARTIAL_SUCCESS,1,1,/tmp/repo/src/agents/rag/rag_database_routing/rag_database_routing.py,15,1036
https://github.com/rk-vashista/pitch,PARTIAL_SUCCESS,1,1,/tmp/repo/monitor.py,9,340
https://github.com/naveenvasou/agentic-sales-pipeline,SUCCESS,1,0,/tmp/repo/pipeline/tests_files/test_workflow.py,7,344
https://github.com/bansal1600/Advanced_RAG_With_LangGraph,PARTIAL_SUCCESS,1,1,/tmp/repo/Types_of_RAG_implementation_using_LangGraph/self-reflection-RAG/edges.py,7,137
https://github.com/nitishkthakur/Langchain,SUCCESS,1,0,/tmp/repo/long_running_coding_agents/gemini-agent.py,12,394
https://github.com/Himanshu0518/Agentic-AI-LangGraph,PARTIAL_SUCCESS,1,1,/tmp/repo/05_react_agent/react_graph.py,8,149
https://github.com/fatima-204/crewai-agent-experiments,TIER2_SUCCESS,2,0,/tmp/repo/financial_researcher/src/financial_researcher/main.py,1,243
https://github.com/FarahBaraket-03/CrewAi_Exemples,SUCCESS,1,0,/tmp/repo/main.py,7,182
https://github.com/xlisp/learn-langgraph,TIER2_SUCCESS,2,0,/tmp/repo/generate_shell_and_eval.py,1,359
https://github.com/zsmdad/langchain_langgraph_examples,SUCCESS,1,0,/tmp/repo/src/_langgraph/example002/app.py,4,150
https://github.com/Forreca05/AutoDocumentationWithCrewAI,PARTIAL_SUCCESS,1,1,/tmp/repo/main.py,7,224
https://github.com/Siddhi-Pal/Agentic-Travel-Assistant,SUCCESS,1,0,/tmp/repo/app/agents/tools/llm_client.py,6,114
https://github.com/bantee-sharma/AI-Agent-Tools-in-LangChain,PARTIAL_SUCCESS,1,1,/tmp/repo/weather.py,8,94
https://github.com/zhongyu09/openchatbi,SUCCESS,1,0,/tmp/repo/evals/runledger/tools.py,13,214
https://github.com/spyker77/agentic-rag,TIER2_SUCCESS,2,0,/tmp/repo/src/resume_agent/main.py,1,378
https://github.com/hyo91/langchain_agent,PARTIAL_SUCCESS,1,1,/tmp/repo/similarity/simi_03.py,13,1033
https://github.com/stride-research/flowgentic,TIER2_SUCCESS,2,0,/tmp/repo/examples/academy-integration/01-actor-client/run.py,1,416
https://github.com/debsouryadatta/youtube_langgraph_agent,TIER2_SUCCESS,2,0,/tmp/repo/agents/agent5/main.py,1,280
https://github.com/lim6112j/langgraph_with_fastapi,PARTIAL_SUCCESS,1,1,/tmp/repo/agent_local_model.py,11,243
https://github.com/rg-brain-labs/instituto-crewai,PARTIAL_SUCCESS,1,1,/tmp/repo/instituto_crewai/equipes/tradutora_artigo/executa.py,12,1244
https://github.com/jonkmatsumo/text2sql,TIER2_SUCCESS,2,0,/tmp/repo/src/mcp_server/main.py,1,686
https://github.com/sserrano44/CryptoAgents,SUCCESS,1,0,/tmp/repo/cryptoagents/agents/crypto_stubs.py,12,412
https://github.com/yashsham/StratgicAI-Autonomous-MA-Analyst-Platform-with-CrewAI,PARTIAL_SUCCESS,1,1,/tmp/repo/src/strategicai/main.py,11,504
https://github.com/jhonne/curso-ai-multiagentes,PARTIAL_SUCCESS,1,1,/tmp/repo/aula6/chatbot_simples.py,11,263
https://github.com/Amruth22/Multi-Agent-Code-Review-Pipeline-LangGraph-Refactor,PARTIAL_SUCCESS,1,1,/tmp/repo/main.py,10,317
https://github.com/vinu0404/Gitspeak-langgraph,PARTIAL_SUCCESS,1,1,/tmp/repo/app.py,11,197
https://github.com/liangdabiao/langgraph_multi-agent-rag-customer-support,TIER2_SUCCESS,2,0,/tmp/repo/customer_support_chat/app/main.py,1,580
https://github.com/azhermurad/Agentic_AI_With_LangGraph_And_LangChain,SUCCESS,1,0,/tmp/repo/langchain/fewshortprompt.py,8,844
https://github.com/splx-ai/agentic-radar,PARTIAL_SUCCESS,1,1,/tmp/repo/examples/crewai/mcp_2/mcp_2.py,8,229
https://github.com/madeinoz67/bank-statement-separator,PARTIAL_SUCCESS,1,1,/tmp/repo/scripts/debug_pdf_text.py,7,243
https://github.com/dileepkanumuri/FinSight-AI-Agent,PARTIAL_SUCCESS,1,1,/tmp/repo/finance_agent.py,5,273
https://github.com/cmatiass/LangGraph-Marketing-Agent,PARTIAL_SUCCESS,1,1,/tmp/repo/main.py,6,83
https://github.com/maceip/agent-code-execution-demos,PARTIAL_SUCCESS,1,1,/tmp/repo/crewai_code_agent.py,5,71
https://github.com/raga-ai-hub/RagaAI-Catalyst,TIER2_SUCCESS,2,0,/tmp/repo/examples/langgraph/personal_research_assistant/research_assistant.py,1,933
https://github.com/ZhuJD-China/RainbowGPT,PARTIAL_SUCCESS,1,1,/tmp/repo/examples/chroma_demo/Chroma_db_option.py,25,3855
https://github.com/yash-goyal-angelone/agentic-ai-pr-unit-test-generator,PARTIAL_SUCCESS,1,1,/tmp/repo/src/agents/graph.py,9,408
https://github.com/Alicelibinguo5/doj-legal-researcher-agent,SUCCESS,1,0,/tmp/repo/main.py,11,314
https://github.com/himanshuit007/CrewAiDemos,SUCCESS,1,0,/tmp/repo/src/crewai_p1/main.py,9,187
https://github.com/langtalks/swe-agent,PARTIAL_SUCCESS,1,1,/tmp/repo/agent/tools/codemap.py,11,149
https://github.com/Taha-Umar/caregiver-support-chatbot,PARTIAL_SUCCESS,1,1,/tmp/repo/langgraph_service.py,5,109
https://github.com/samuelfstevenson/FractalAI,PARTIAL_SUCCESS,1,1,/tmp/repo/fractal_agent/workflows/research_workflow.py,5,619
https://github.com/scalekit-inc/python-connect-demos,PARTIAL_SUCCESS,1,1,/tmp/repo/langchain/main.py,8,113
https://github.com/josemendozaorg/homelab-reasoning-service,PARTIAL_SUCCESS,1,1,/tmp/repo/verification/verify_settings.py,5,117
https://github.com/abh2050/langgraph_data_analytics_agents,SUCCESS,1,0,/tmp/repo/test_memory.py,14,230
https://github.com/yashsarvaiya1/langgraph-flow,PARTIAL_SUCCESS,1,1,/tmp/repo/loop-node-exc/agent.py,5,127
https://github.com/Treonix-in/email-automation-ai,PARTIAL_SUCCESS,1,1,/tmp/repo/src/nodes.py,5,84
https://github.com/BittnerPierre/AI-Agent-Casebook,TIER2_SUCCESS,2,0,/tmp/repo/experiments/rag/usage_example.py,1,987
https://github.com/SAP/leanix-self-built-software-agent,PARTIAL_SUCCESS,1,1,/tmp/repo/src/ai_provider/ai_provider.py,9,162
https://github.com/uptonking/langchain-langgraph-play-v0_x,PARTIAL_SUCCESS,1,1,/tmp/repo/langchain/chain_groq1_starter.py,11,255
https://github.com/LegendStack/Agentic-FastAPI-Template,PARTIAL_SUCCESS,1,1,/tmp/repo/scripts/debug_archive/check_db.py,14,623
https://github.com/SergioRubio01/auditai,PARTIAL_SUCCESS,1,1,/tmp/repo/flow/backend/workflowmanager.py,7,960
https://github.com/nuglifeleoji/Options-Analytics-Agent,SUCCESS,1,0,/tmp/repo/evaluation/llm_judge.py,13,197
https://github.com/robertsong2000/langgraph_example,SUCCESS,1,0,/tmp/repo/simple_example.py,4,57
https://github.com/IAI-solution/TheNZT_Open_Source,PARTIAL_SUCCESS,1,1,/tmp/repo/src/ai/chart_bot/chart_bot_utils/generate_related_qn.py,6,624
https://github.com/Nadav22799/paper_reproduction_agent,PARTIAL_SUCCESS,1,2,/tmp/repo/paper_reproduction_agent/src/cli.py,14,1900
https://github.com/jiangnanboy/Agent_System_Design_and_Practical_Applications_Based_on_LangChain_and_LangGraph,PARTIAL_SUCCESS,1,1,/tmp/repo/chapter7/langchain_example.py,5,117
https://github.com/rakeshk326/Nutripilot-agent,PARTIAL_SUCCESS,1,1,/tmp/repo/agent/runner.py,5,153
https://github.com/EpbAiD/marketpulse,SUCCESS,1,0,/tmp/repo/run_pipeline.py,7,1023
https://github.com/gillianpb/crewai,PARTIAL_SUCCESS,1,1,/tmp/repo/src/crewai/cli/cli.py,10,416
https://github.com/Desrahul200/npc-langgraph-sim,SUCCESS,1,0,/tmp/repo/main.py,16,655
https://github.com/castellanos-dev/pydev-ai,PARTIAL_SUCCESS,1,1,/tmp/repo/src/flows/common.py,5,73
https://github.com/flash131307/multi-agent-investment,PARTIAL_SUCCESS,1,1,/tmp/repo/backend/scripts/test_full_integration.py,7,220
https://github.com/denniszielke/agentic-playground,PARTIAL_SUCCESS,1,1,/tmp/repo/src/06-human-in-the-loop/report-agents.py,13,638
https://github.com/KodyKendall/LlamaBot,SUCCESS,1,0,/tmp/repo/app/agents/llamapress/clone_agent.py,14,542
https://github.com/Sreeja-Reddy-0612/multi-agent-incident-response-simulator,SUCCESS,1,0,/tmp/repo/main.py,4,91
https://github.com/RyanWangZf/BioDSA,PARTIAL_SUCCESS,1,1,/tmp/repo/biodsa/tool_wrappers/websearch/agentic.py,11,184
https://github.com/rekisama/insurance_assistant,PARTIAL_SUCCESS,1,1,/tmp/repo/nodes/router.py,10,134
https://github.com/daniellopez882/Multi-Agent-RAG-Customer-Support-System,TIER2_SUCCESS,2,0,/tmp/repo/customer_support_chat/app/main.py,1,486
https://github.com/WILLOSCAR/arxiv_paper,PARTIAL_SUCCESS,1,1,/tmp/repo/src/pipeline/run_daily.py,7,142
https://github.com/praveenbhaskarani1-creator/fusion-ai-hub,TIER2_SUCCESS,2,0,/tmp/repo/app/rag/hr_policy_rag.py,1,445
https://github.com/oyviasp/AI_agents_with_langchain,PARTIAL_SUCCESS,1,1,/tmp/repo/LangChain/LC_agent_multitool_1.py,7,212
https://github.com/VirtualPatientEngine/AIAgents4Pharma,TIER2_SUCCESS,2,0,/tmp/repo/app/frontend/streamlit_app_talk2cells.py,1,546
https://github.com/are-f/M.A.R.S-CrewAI,TIER2_SUCCESS,2,0,/tmp/repo/Agents/Sentiment_Agent/analyzer.py,1,684
https://github.com/SurajAiri/langgraph_basics,PARTIAL_SUCCESS,1,1,/tmp/repo/main.py,11,166
https://github.com/zhongminma/LangChain1.0_learning,PARTIAL_SUCCESS,1,1,/tmp/repo/src/no_6_agent/agent_handle_tools.py,12,932
https://github.com/Telescope11/Multi-Agentic-RAG,SUCCESS,1,0,/tmp/repo/app.py,10,178
https://github.com/zaizaizhao/easysql,PARTIAL_SUCCESS,1,124,/tmp/repo/examples/run_agent.py,8,1155
https://github.com/zlatanovics1/smartcrawler-agent,TIER2_SUCCESS,2,0,/tmp/repo/backend/app/task_agent.py,1,344
https://github.com/finlayjack89/Auction-Scraper,PARTIAL_SUCCESS,1,1,/tmp/repo/src/fast_auction_research___speed_optimized/main.py,11,387
https://github.com/TungNguyenNTT/mcp-platform,PARTIAL_SUCCESS,1,1,/tmp/repo/components/mcp/dropshipping_automation_langgraph/agent.py,13,319
https://github.com/SayamAlt/Adaptive-Personalized-Learning-System-using-LangGraph,PARTIAL_SUCCESS,1,1,/tmp/repo/app.py,7,209
https://github.com/yuvraj2424/CrewAI,PARTIAL_SUCCESS,1,1,/tmp/repo/project4/app.py,5,150
https://github.com/sanket1105/LangGraph,PARTIAL_SUCCESS,1,1,/tmp/repo/Agents/Drafter.py,9,189
https://github.com/georgenavarro1802/langgraph-learning,SUCCESS,1,0,/tmp/repo/conditional_graph.py,4,100
https://github.com/ashhadahsan/gamemind-api,PARTIAL_SUCCESS,1,1,/tmp/repo/database/migrations/003_add_langgraph_tables.py,8,170
https://github.com/Raihan2511/My_Agentic_Ai,TIER2_SUCCESS,2,0,/tmp/repo/kurt_multi_agent.py,1,1294
https://github.com/MuleHakim/CrewAI-Tutorial,PARTIAL_SUCCESS,1,1,/tmp/repo/crew_yaml.py,8,106
https://github.com/DewduSendanayake/Seasonal-Travel-Recommender,SUCCESS,1,0,/tmp/repo/server/agents/decision_agent/decision_agent.py,8,278
